image,generated_caption,ground_truth_captions,bleu_score,rouge1,rouge2,rougeL,meteor_score
1000268201_693b08cb0e.jpg,a little girl in a pink dress,"['A child in a pink dress is climbing up a set of stairs in an entry way .', 'A girl going into a wooden building .', 'A little girl climbing into a wooden playhouse .', 'A little girl climbing the stairs to her playhouse .', 'A little girl in a pink dress going into a wooden cabin .']",0.8668778997501817,0.7368421052631579,0.7058823529411764,0.7368421052631579,0.5118499012508229
1001773457_577c3a7d70.jpg,two dogs playing on the road,"['A black dog and a spotted dog are fighting', 'A black dog and a tri-colored dog playing with each other on the road .', 'A black dog and a white dog with brown spots are staring at each other in the street .', 'Two dogs of different breeds looking at each other on the road .', 'Two dogs on pavement moving toward each other .']",0.18660152436542707,0.5555555555555556,0.37499999999999994,0.5555555555555556,0.39349593495934965
1002674143_1b742ab4b8.jpg,a child sitting in the grass,"['A little girl covered in paint sits in front of a painted rainbow with her hands in a bowl .', 'A little girl is sitting in front of a large painted rainbow .', 'A small girl in the grass plays with fingerpaints in front of a white canvas with a rainbow on it .', 'There is a girl with pigtails sitting in front of a rainbow painting .', 'Young girl with pigtails painting outside in the grass .']",0.15091675624784212,0.4,0.3076923076923077,0.4,0.30671296296296297
1003163366_44323f5815.jpg,a woman laying on a bench,"['A man lays on a bench while his dog sits by him .', 'A man lays on the bench to which a white dog is also tied .', 'a man sleeping on a bench outside with a white and black dog sitting next to him .', 'A shirtless man lies on a park bench with his dog .', 'man laying on bench holding leash of dog sitting on ground']",0.12774827614356976,0.5555555555555556,0.37499999999999994,0.5555555555555556,0.39349593495934965
1007129816_e794419615.jpg,man wearing a hat,"['A man in an orange hat starring at something .', 'A man wears an orange hat and glasses .', 'A man with gauges and glasses is wearing a Blitz hat .', 'A man with glasses is wearing a beer can crocheted hat .', 'The man with pierced ears is wearing glasses and an orange hat .']",0.05731447445024055,0.6666666666666666,0.2,0.5333333333333333,0.3713235294117647
1007320043_627395c3d8.jpg,a young girl climbing on a rope,"['A child playing on a rope net .', 'A little girl climbing on red roping .', 'A little girl in pink climbs a rope bridge at the park .', 'A small child grips onto the red ropes at the playground .', 'The small child climbs on a red ropes on a playground .']",0.28150046383044863,0.7142857142857143,0.3333333333333333,0.7142857142857143,0.5645569620253165
1009434119_febe49276a.jpg,a dog running in a field,"['A black and white dog is running in a grassy garden surrounded by a white fence .', 'A black and white dog is running through the grass .', 'A Boston terrier is running in the grass .', 'A Boston Terrier is running on lush green grass in front of a white fence .', 'A dog runs on the green grass near a wooden fence .']",0.1782870814692948,0.4705882352941177,0.26666666666666666,0.4705882352941177,0.3289473684210526
1012212859_01547e3f17.jpg,a dog playing with a ball,"['A dog shakes its head near the shore , a red ball next to it .', 'A white dog shakes on the edge of a beach with an orange ball .', 'Dog with orange ball at feet , stands on shore shaking off water', 'White dog playing with a red ball on the shore near the water .', 'White dog with brown ears standing near water with head turned to one side .']",0.18817320787862926,0.5263157894736842,0.35294117647058826,0.5263157894736842,0.36666666666666664
1015118661_980735411b.jpg,a young boy is walking down the street,"['A boy smiles in front of a stony wall in a city .', 'A little boy is standing on the street while a man in overalls is working on a stone wall .', 'A young boy runs aross the street .', 'A young child is walking on a stone paved street with a metal pole and a man behind him .', 'Smiling boy in white shirt and blue jeans in front of rock wall with man in overalls behind him .']",0.25655257003848936,0.6666666666666666,0.4615384615384615,0.6666666666666666,0.605
1015584366_dfcec3c85a.jpg,a dog is sitting on a log in the grass,"['A black dog leaps over a log .', 'A grey dog is leaping over a fallen tree .', 'A large black dog leaps a fallen log .', 'A mottled black and grey dog in a blue collar jumping over a fallen tree .', 'The black dog jumped the tree stump .']",0.0926349177498453,0.47058823529411764,0.13333333333333333,0.47058823529411764,0.38490853658536583
101654506_8eb26cfb60.jpg,a dog running in the snow,"['A brown and white dog is running through the snow .', 'A dog is running in the snow', 'A dog running through snow .', 'a white and brown dog is running through a snow covered field .', 'The white and brown dog is running over the surface of the snow .']",0.7071067811865475,0.923076923076923,0.7272727272727272,0.923076923076923,0.8534621578099838
101669240_b2d3e7f17b.jpg,a man on skis,"['A man in a hat is displaying pictures next to a skier in a blue hat .', 'A man skis past another man displaying paintings in the snow .', 'A person wearing skis looking at framed pictures set up in the snow .', 'A skier looks at framed pictures in the snow next to trees .', 'Man on skis looking at artwork for sale in the snow']",0.08916430359586963,0.39999999999999997,0.30769230769230765,0.39999999999999997,0.28586839266450914
1016887272_03199f49c4.jpg,a large rock wall,"['A collage of one person climbing a cliff .', 'A group of people are rock climbing on a rock climbing wall .', 'A group of people climbing a rock while one man belays', 'Seven climbers are ascending a rock face whilst another man stands holding the rope .', 'Several climbers in a row are climbing the rock while the man in red watches and holds the line .']",0.02301327868302185,0.375,0.0,0.375,0.12396694214876032
1019077836_6fc9b15408.jpg,a dog running through a hose in a yard,"['A brown dog chases the water from a sprinkler on a lawn .', 'a brown dog plays with the hose .', 'A brown dog running on a lawn near a garden hose', 'A dog is playing with a hose .', 'Large brown dog running away from the sprinkler in the grass .']",0.11378607114611274,0.6,0.28571428571428575,0.5,0.39480452674897115
1019604187_d087bf9a5f.jpg,a dog running in the grass,"['A dog prepares to catch a thrown object in a field with nearby cars .', 'A white dog is about to catch a yellow ball in its mouth .', 'A white dog is about to catch a yellow dog toy .', 'A white dog is ready to catch a yellow ball flying through the air .', 'A white dog running after a yellow ball']",0.10412185644103349,0.42857142857142855,0.16666666666666666,0.42857142857142855,0.32763532763532766
1020651753_06077ec457.jpg,a dog catching a frur,"['a black and white dog jumping in the air to get a toy .', 'A black and white dog jumps up towards a yellow toy .', 'A dog leaps to catch a ball in a field .', 'A white dog is trying to catch a ball in midair over a grassy field .', 'The white dog is playing in a green field with a yellow toy .']",0.04040277907070921,0.5333333333333333,0.30769230769230765,0.5333333333333333,0.24093511450381674
1022454332_6af2c1449a.jpg,a body of water,"['A child and a woman are at waters edge in a big city .', 'a large lake with a lone duck swimming in it with several people around the edge of it .', 'A little boy at a lake watching a duck .', 'A young boy waves his hand at the duck in the water surrounded by a green park .', 'Two people are at the edge of a lake , facing the water and the city skyline .']",0.017922759459377886,0.3,0.0,0.23529411764705882,0.09036144578313253
1022454428_b6b660a67b.jpg,a woman sitting on the grass,"['A couple and an infant , being held by the male , sitting next to a pond with a near by stroller .', 'A couple sit on the grass with a baby and stroller .', 'A couple with their newborn baby sitting under a tree facing a lake .', 'A man and woman care for an infant along the side of a body of water .', 'Couple with a baby sit outdoors next to their stroller .']",0.12081686022740168,0.5882352941176471,0.4,0.5882352941176471,0.42456140350877203
1022975728_75515238d8.jpg,the water is wavy,"['A black dog running in the surf .', 'A black lab with tags frolicks in the water .', 'A dog splashes in the water', 'The black dog runs through the water .', 'This is a black dog splashing in the water .']",0.11291470175179878,0.46153846153846156,0.25,0.4,0.32327586206896547
102351840_323e3de834.jpg,a man standing on a frozen lake with a dog,"['A man drilling a hole in the ice .', 'A man is drilling through the frozen ice of a pond .', 'A person in the snow drilling a hole in the ice .', 'A person standing on a frozen lake .', 'Two men are ice fishing .']",0.4518010018049224,0.7058823529411764,0.5333333333333333,0.7058823529411764,0.6233062330623306
1024138940_f1fefbdce1.jpg,two dogs running on the beach,"['Two different breeds of brown and white dogs play on the beach .', 'Two dogs are making a turn on a soft sand beach .', 'Two dogs playing in the sand at the beach .', 'Two dogs playing together on a beach .', 'Two large tan dogs play along a sandy beach .']",0.2106213001731772,0.6153846153846153,0.3076923076923077,0.6153846153846153,0.5717948717948719
102455176_5f8ead62d5.jpg,ice climbing wall,"['A man uses ice picks and crampons to scale ice .', 'an ice climber in a blue jacket and black pants is scaling a frozen ice wall .', 'An ice climber scaling a frozen waterfall .', 'A person in blue and red ice climbing with two picks .', 'Climber climbing an ice wall']",0.12033101329077273,0.7499999999999999,0.16666666666666669,0.5,0.3125
1026685415_0431cbf574.jpg,a dog with a frck,"['A black dog carries a green toy in his mouth as he walks through the grass .', 'A black dog carrying something through the grass .', 'A black dog has a blue toy in its mouth .', 'A dog in grass with a blue item in his mouth .', 'A wet black dog is carrying a green toy through the grass .']",0.0770231391177663,0.5000000000000001,0.28571428571428575,0.5000000000000001,0.331858407079646
1028205764_7e8df9a2ea.jpg,a man and a child in a kayak,"['A man and a baby are in a yellow kayak on water .', 'A man and a little boy in blue life jackets are rowing a yellow canoe .', 'A man and child kayak through gentle waters .', 'A man and young boy ride in a yellow kayak .', 'Man and child in yellow kayak']",0.4122478184247683,0.7142857142857143,0.4444444444444444,0.7142857142857143,0.7193548387096775
1030985833_b0902ea560.jpg,two dogs playing,"['A black dog and a brown dog are jumping up to catch a red toy .', 'A black dog and a brown dog play with a red toy on a courtyard .', 'A brown and black lab are outside and the black lab is catching a toy in its mouth .', 'Black dog snaps at red and black object as brown dog lunges .', 'The Chocolate Lab jumps too late to get the toy as the Black Lab captures it in the driveway .']",0.0,0.2222222222222222,0.125,0.2222222222222222,0.12755102040816327
103106960_e8a41d64f8.jpg,a boy wearing a red jacket,"['A boy with a stick kneeling in front of a goalie net', 'A child in a red jacket playing street hockey guarding a goal .', 'A young kid playing the goalie in a hockey rink .', 'A young male kneeling in front of a hockey goal with a hockey stick in his right hand .', 'Hockey goalie boy in red jacket crouches by goal , with stick .']",0.12774827614356976,0.4444444444444444,0.25000000000000006,0.4444444444444444,0.25660569105691056
103195344_5d2dc613a3.jpg,a large metal sculpture,"['A man in black is sitting next to a modern art structure in front of a glass building .', 'A man sits and reads a newspaper by a sculpture outside of an office building .', 'a man sits near a large statue .', 'A man sitting in front of a metal sculpture in front of a building .', 'The man with the backpack is sitting in a buildings courtyard in front of an art sculpture reading .']",0.08751760692903485,0.36363636363636365,0.2222222222222222,0.36363636363636365,0.24671052631578946
103205630_682ca7285b.jpg,a person sitting on a snow covered beach,"['A tent is being set up on the ice .', 'Two men are about to enter an ice fishing tent on a snow covered lake .', 'two men setting up a blue ice fishing hut on an iced over lake', 'Two men , standing on an ice , looking into something covered with a blue tarp .', 'Two people standing outside a blue tent structure on a snowy surface .']",0.2846946938149361,0.3478260869565218,0.2857142857142857,0.3478260869565218,0.2611019736842105
1032122270_ea6f0beedb.jpg,a woman and two dogs,"['A woman crouches near three dogs in a field .', 'Three dogs are playing on grassy hill with a blue sky .', 'Three dogs are standing in the grass and a person is sitting next to them', 'Three dogs on a grassy hill', 'Three dogs stand in a grassy field while a person kneels nearby .']",0.11801586795186178,0.42857142857142855,0.16666666666666666,0.42857142857142855,0.1694915254237288
1032460886_4a598ed535.jpg,a man is walking down a street in front of a tall building,"['a man is standing in front of a skyscraper', 'A man stands in front of a skyscraper .', 'A man stands in front of a very tall building .', 'Behind the man in a red shirt stands a large skyscraper .', 'There is a skyscraper in the distance with a man walking in front of the camera .']",0.3200286101270289,0.6956521739130435,0.5,0.6956521739130435,0.7153712548849327
1034276567_49bb87c51c.jpg,a boy eating a piece of pizza,"['A boy bites hard into a treat while he sits outside .', 'A child biting into a baked good .', 'A small boy putting something in his mouth with both hands .', 'The boy eats his food outside at the table .', 'The boy is eating pizza over a tin dish .']",0.08931707731470104,0.5,0.14285714285714288,0.375,0.2222222222222222
104136873_5b5d41be75.jpg,a group of people sitting on a hill,"['People sit on the mountainside and check out the view .', 'Three people are on a hilltop overlooking a green valley .', 'Three people hang out on top of a big hill .', 'Three people overlook a green valley .', 'Three people rest on a ledge above the moutains .']",0.09374030260272098,0.5555555555555556,0.25,0.4444444444444445,0.2751817237798546
1042020065_fb3d3ba5ba.jpg,a boy in a green shirt,"['A boy in a green shirt is looking down at many inflatable boats .', 'A boy in a green shirt watches kayakers .', 'A boy looks over a railing at the many boats and rafts below in the water .', 'A young boy overlooking a crowd of inflatable boats .', 'A young boy wearing a jersey looks down over a ledge at many boats in the water .']",0.6065306597126334,0.8571428571428571,0.8333333333333333,0.8571428571428571,0.688058748403576
1042590306_95dea0916c.jpg,a man and woman sitting on a bench,"['A man and woman pose for the camera while another man looks on .', 'A man is holding the hand of a woman up to his mouth in front of some buildings while another man looks on .', 'A multiracial couple posing for a picture', 'Asian man and blond woman holding hands outdoors , man in background watches .', 'Guy in blue shirt biting hand of girl in black striped jacket while another guy watches']",0.38260294162784475,0.4761904761904762,0.3157894736842105,0.4761904761904762,0.3814262023217247
1045521051_108ebc19be.jpg,a man sitting on the ground,"['A person eats takeout while watching a small television .', 'A person sits on the floor and eats in front of a television .', 'A television with a picture of a girl on it .', 'A young man sits on the floor by the television with a fast food meal in front of him .', 'Someone is laying in front of the TV eating food .']",0.0593324214975594,0.42105263157894735,0.2608695652173913,0.42105263157894735,0.2840909090909091
1048710776_bb5b0a5c7c.jpg,a group of people sitting on a wall,"['a couple of several people sitting on a ledge overlooking the beach', 'A group of people sit on a wall at the beach .', 'A group of teens sit on a wall by a beach .', 'Crowd of people at the beach .', 'Several young people sitting on a rail above a crowded beach .']",0.7598356856515925,0.8421052631578948,0.8235294117647058,0.8421052631578948,0.6889816810344827
1052358063_eae6744153.jpg,two boys on skateboards,"['A boy takes a jump on his skateboard while another boy with a skateboard watches .', 'A child is performing a skateboard trick while another child with a skateboard leans on a wall .', 'A little boy skateboarder is doing a trick on his board while another young skateboarder watches .', 'a young boy skateboarder jumping on a platform on a skateboard .', 'Two skateboarders .']",0.07258113984652705,0.6666666666666666,0.0,0.6666666666666666,0.32258064516129037
105342180_4d4a40b47f.jpg,a woman paddles a canoe,"['A girl paddling down a large river , as seen from behind her .', 'A woman kayaking down a river .', 'A woman paddles a boat down a river .', 'A woman with a paddle .', 'A woman with a paddle sits in a boat on the water .']",0.5475182535069453,0.8000000000000002,0.5454545454545454,0.6153846153846154,0.534957627118644
1053804096_ad278b25f1.jpg,a girl in the water,"['A girl in pigtails splashes in the shallow water .', 'A girls plays in the surf .', 'a girl with pigtails is playing in the ocean by the beach .', 'A girl with pigtails plays in the water .', 'A young girl in pigtails plays in the water .']",0.3226045218214549,0.7692307692307693,0.5454545454545454,0.7692307692307693,0.5627906976744186
1055623002_8195a43714.jpg,a group of people playing a game on a bed,"['A group of four children wearing pajamas have a pillow fight .', 'A group of kids have a pillow-fight .', 'A group of young children playing pillow fight on a bed .', 'Children having a pillow fight .', 'Four children are having a pillow fight .']",0.22490198823673885,0.6666666666666666,0.4210526315789474,0.6666666666666666,0.537876167416119
1055753357_4fa3d8d693.jpg,a man on a ledge,"['Two constructions workers sit on a beam taking a break .', 'Two construction workers are sitting up on the side of a building .', 'Two construction workers sitting on an I-beam .', 'Two construction workers take a seat on a steel beam .', 'Two men take a break from construction .']",0.07361866333276344,0.4,0.15384615384615383,0.4,0.24572649572649571
1056249424_ef2a2e041c.jpg,a clear blue sky,"['The children are playing in the water .', 'Two boys , one with a yellow and orange ball , play in some water in front of a field .', 'Two boys play in a puddle .', 'Two children play with a balloon in mud on a sunny day .', 'Two kids are running and playing in some water .']",0.028830051881449627,0.2,0.0,0.2,0.07462686567164178
1056338697_4f7d7ce270.jpg,a woman is taking a picture of a car,"['A blond woman in a blue shirt appears to wait for a ride .', 'A blond woman is on the street hailing a taxi .', 'A woman is signaling is to traffic , as seen from behind .', 'A woman with blonde hair wearing a blue tube top is waving on the side of the street .', 'The woman in the blue dress is holding out her arm at oncoming traffic .']",0.13759688176868937,0.4210526315789474,0.22222222222222224,0.4210526315789474,0.29224537037037035
1056359656_662cee0814.jpg,a little boy sitting on a couch reading a book,"['A little girl looking at a brochure on train rides', 'a young blond girl with a magizine in her hands', 'A young girl on a train reads a book about train rides .', 'A young girl sits on a seat and looks at a train pamphlet .', 'Child sitting down looking at train ride brochure']",0.10251738860668018,0.5454545454545454,0.3,0.5454545454545454,0.49975895870159076
1056873310_49c665eb22.jpg,a dog is laying on the beach,"['A brown dog is running after a black dog on a rocky shore .', 'A brown dog is running after the black dog .', 'Two dogs playing on a beach .', 'Two dogs run across stones near a body of water .', 'Two dogs run towards each other on a rocky area with water in the background .']",0.10783801466424223,0.6153846153846153,0.14285714285714288,0.5,0.2857142857142857
1057089366_ca83da0877.jpg,a man jumping off a diving board into a pool,"['A boy descends off the end of a high diving board .', 'A child jumps off a high diving board into the pool .', 'A kid jumps off the diving board and into the swimming pool below .', 'A little kid is jumping off a high dive at the pool .', 'The boy is jumping off a high diving board into the pool .']",0.1903848495726721,0.761904761904762,0.4210526315789474,0.761904761904762,0.5952065677966102
1057210460_09c6f4c6c1.jpg,a woman is standing in front of a building,"['A guy stands by a window taking his overshirt off .', 'A man in a tank top stands next to a chrome door .', 'A man puts his shirt on near an elevator .', 'A man stands by an elevator with his head down .', 'The man is putting on his shirt near an elevator .']",0.03256476497255973,0.380952380952381,0.0,0.3157894736842105,0.15873015873015875
1057251835_6ded4ada9c.jpg,a dog running on the beach,"['A light-colored dog runs on the beach .', 'A small yellow dog runs on a beach', 'A tan dog runs on a sandy beach .', 'A white dog is running down a rocky beach .', 'Light brown dog running along the beach .']",0.2204436538656998,0.8571428571428571,0.6666666666666666,0.8571428571428571,0.754985754985755
106490881_5a2dd9b7bd.jpg,a boy standing in the water,"['A boy in his blue swim shorts at the beach .', 'A boy smiles for the camera at a beach .', 'A young boy in swimming trunks is walking with his arms outstretched on the beach .', 'Children playing on the beach .', 'The boy is playing on the shore of an ocean .']",0.11556377708900069,0.5,0.15384615384615385,0.5,0.30059523809523814
106514190_bae200f463.jpg,a clear blue sky,"['A hiker standing high on a bluff overlooking the mountains below .', ""a person on ski 's looks from hill over snow covered landscape"", 'A skier is overlooking a snow-covered mountain .', 'A skier is overlooking the beautiful white snow covered landscape .', 'A skier pauses on a mountaintop .']",0.028830051881449627,0.2,0.0,0.2,0.07462686567164178
1067180831_a59dc64344.jpg,a dog catching a frur,"['A black and white dog is attempting to catch a yellow and purple object in a low cut yard .', 'A black and white dog jumps after a yellow toy .', 'a black and white dog jumps to get the Frisbee .', 'A black dog is jumping up to catch a purple and green toy .', 'A dog jumps to catch a toy .']",0.07361866333276344,0.6666666666666666,0.4,0.6666666666666666,0.48701298701298706
1067675215_7336a694d6.jpg,a man laying on the ground,"['A man in blue shorts is laying in the street .', 'A man in blue shorts lays down outside in a parking lot .', 'A man laying down in middle of street during heavy traffic .', 'A man lies on a mat in a parking lot between a brown SUV and a yellow pickup with an open door .', 'A shirtless man is laying down in the middle of a busy street .']",0.11543359828103338,0.5,0.26666666666666666,0.5,0.30059523809523814
1067790824_f3cc97239b.jpg,a dog and a dog playing in the sand,"['A white and black dog and a brown dog in sandy terrain .', 'A woolly dog chases a Doberman on a beach .', 'One dog is chasing another one on the beach .', 'The two large dogs are running through sand .', 'Two large dogs chasing each other at the beach .']",0.18465163650744815,0.5714285714285715,0.2105263157894737,0.5714285714285715,0.4056437389770724
1072153132_53d2bb1b60.jpg,a dog catching a frur,"['A black and white dog catches a toy in midair .', 'A dog and a tennis ball .', 'A dog is jumping to catch a object thrown at it ,', 'A dog leaps while chasing a tennis ball through a grassy field .', 'A multicolor dog jumping to catch a tennis ball in a grassy field .']",0.08991803844670224,0.5454545454545454,0.30769230769230765,0.5454545454545454,0.3758169934640523
107318069_e9f2ef32de.jpg,a crowd of people watching a hot air balloon,"['A crowd watching air balloons at night .', 'A group of hot air balloons lit up at night .', 'People are watching hot air balloons in the park .', 'People watching hot air balloons .', 'Seven large balloons are lined up at nighttime near a crowd .']",0.11378607114611274,0.7142857142857143,0.5,0.7142857142857143,0.7682539682539684
1075716537_62105738b4.jpg,a young boy riding a bike on a dirt road,"['A child with a helmet on his head rides a bike .', 'A little boy rides a bike down a hill on a miniature dirt bike .', 'A young boy in a helmet rides a bike on the road .', 'The little boy rides his bicycle in a race .', 'The young boy pedals quickly at a BMX race .']",0.25322519568956164,0.8181818181818182,0.5,0.7272727272727272,0.6036745406824147
107582366_d86f2d3347.jpg,a group of people sitting around a table,"['A group of eight people are gathered around a table at night .', 'A group of people gathered around in the dark .', 'A group of people sit around a table outside on a porch at night .', 'A group of people sit outdoors together at night .', 'A group of people sitting at a table in a darkened room .']",0.5384952356064083,0.7272727272727273,0.7000000000000001,0.7272727272727273,0.5379591836734693
1075867198_27ca2e7efe.jpg,a man and his dog,"['A man in a brown shirt and dark shorts plays on the beach with his two black dogs .', 'A man in shorts with two black dogs holds a ball throwing toy at the beach .', 'a man playing with two black dogs on the beach', 'A man with two dogs on a beach', 'Man at the beach with two dogs .']",0.07910840203842791,0.4615384615384615,0.18181818181818182,0.4615384615384615,0.2690058479532163
1075881101_d55c46bece.jpg,a man is sitting on a float,"['a boy cleans the bubbles off his face .', 'A boy covered in suds has his face wiped clean .', 'A boy is covered in bubbles .', 'A child covered in foam is climbing on a black inflatable ramp .', 'A person covered in soapy water is getting cleaned off .']",0.09744264611591712,0.4210526315789474,0.11764705882352942,0.4210526315789474,0.2545362903225807
1077546505_a4f6c4daa9.jpg,a child playing in a water slide,"['A boy in blue shorts slides down a slide into a pool .', 'A boy in blue swimming trunks slides down a yellow slide into a wading pool with inflatable toys floating in the water .', 'A boy rides down a slide into a small backyard pool .', 'A boy sliding down a slide into a pool with colorful tubes .', 'A child is falling off a slide onto colored balloons floating on a pool of water .']",0.052791200662060195,0.43478260869565216,0.09523809523809522,0.4210526315789474,0.16129032258064518
1077931201_1e0bb83105.jpg,a man is jumping in the air,"['A man in a wetsuit is throwing a baby wearing a wetsuit up into the air .', 'A man in a wetsuit is throwing a toddler up in the air and is ready to catch him .', 'A man in water throwing a little boy up in the air and waiting for him to come down so he can catch him .', 'The man is in the pool and throwing a small boy into the air .', 'While water droplets fly , a man throws a little boy up in the air .']",0.08708174717169458,0.5714285714285714,0.3157894736842105,0.4761904761904762,0.35993740219092335
1079274291_9aaf896cc1.jpg,two boys in a room,"['A little boy sticks his tongue out for the camera . Another boy looks on .', 'Two boys make faces .', 'Two young boys are looking at the camera , one smiling , the other sticking his tongue out .', 'Two young boys look up at the camera as one sticks out his tongue .', 'two young boys making silly faces .']",0.13414195051824768,0.4444444444444445,0.28571428571428575,0.4444444444444445,0.37500000000000006
10815824_2997e03d76.jpg,a group of horses standing around a fire,"['A blonde horse and a blonde girl in a black sweatshirt are staring at a fire in a barrel .', 'A girl and her horse stand by a fire .', ""A girl holding a horse 's lead behind a fire ."", 'A man , and girl and two horses are near a contained fire .', 'Two people and two horses watching a fire .']",0.07475095167059852,0.5882352941176471,0.26666666666666666,0.5882352941176471,0.45510204081632655
1082252566_8c79beef93.jpg,a dog and a dog are standing on the ground,"['A bulldog , a sheep dog , and a boxer standing in a yard .', 'A large brown dog is pushing a small Boston terrier with his face while anouther dog watches .', 'A large skinny dog stands near two smaller dogs int the dirt .', 'There are three dogs starring at a ball in the middle of them .', 'Three dogs of various sizes .']",0.059665991718171475,0.45454545454545453,0.19999999999999998,0.45454545454545453,0.1968503937007874
1082379191_ec1e53f996.jpg,a couple sitting on a bench,"['A lady and a man with no shirt sit on a dock .', 'A man and a woman are sitting on a dock together .', 'A man and a woman sitting on a dock .', 'A man and woman sitting on a deck next to a lake .', 'A shirtless man and a woman sitting on a dock .']",0.12896953798434121,0.5333333333333333,0.3076923076923077,0.5333333333333333,0.39062499999999994
1084040636_97d9633581.jpg,a white dog laying on the ground,"['A closeup of a white dog that is laying its head on its paws .', 'a large white dog lying on the floor .', 'A white dog has its head on the ground .', 'A white dog is resting its head on a tiled floor with its eyes open .', 'A white dog rests its head on the patio bricks .']",0.25361430339904323,0.75,0.5714285714285715,0.75,0.6691919191919192
1084104085_3b06223afe.jpg,a girl climbing a rock wall,"['a woman in a yellow shirt and green shorts is climbing an artificial red wall whilst wearing a safety harness .', 'A woman in blue shorts and a white shirt is indoor rock climbing .', 'The girl is climbing a rock wall .', 'The girl is in a harness , climbing rocks .', 'Woman climbing an artificial rock wall .']",0.4760116549244004,0.7692307692307692,0.5454545454545454,0.7692307692307692,0.6205128205128205
1087168168_70280d024a.jpg,a boy jumping in the water,"['A boy is jumping on an inflatable ring and a girl is watching him', 'A boy jumping on a water jumphouse', 'A teenage boy is jumping on an inflatable slide .', 'A young boy jumping and a young girl seating in an inflatable pool .', 'Two young kids are playing in the water on an inflated toy .']",0.3327914788249974,0.6153846153846153,0.3636363636363636,0.6153846153846153,0.4574275362318841
1087539207_9f77ab3aaf.jpg,two girls on a quad quad quad quad quad quad quad quad quad quad quad quad quad quad quad quad quad,"['A family playing on a tractor on a beautiful day', 'Children ride a tractor in a field .', 'Several children playing on a Polaris vehicle outdoors .', 'The children played on the four wheeler in the field .', 'The four kids are riding on an ATV in a field .']",0.02834266870839685,0.13793103448275862,0.07407407407407408,0.13793103448275862,0.1838235294117647
1088767354_2acee738cf.jpg,a woman in a red feather hat,"['A woman in a red costume to the left of a man and woman standing together .', 'A woman wearing a red costume looks at two other people standing on a street .', 'A young woman in a red sequined costume and feather stands on the sidewalk .', 'The girl in the salmon colored bikini is standing next to two young people ; one is wearing a black outfit and the other is drinking pop .', 'Two young people are approached by a flamboyant young woman dressed in a red bikini and a red feathered headress .']",0.205203257527232,0.5714285714285714,0.3809523809523809,0.5714285714285714,0.3961267605633803
108898978_7713be88fc.jpg,two people skiing down a snowy slope,"['Skiiers walking up the hill through a forest .', 'Two men are skiing in the snow in a wooded area .', 'Two people wearing yellow jackets cross-country skiing .', 'Two skiers are making their way through woodland .', 'Two skiers are sliding down a trail in the woods .']",0.10621650383389061,0.39999999999999997,0.15384615384615383,0.39999999999999997,0.3234880450070324
108899015_bf36131a57.jpg,a clear blue sky,"['A lone skier is making their way up a mountain .', 'Skiiers at the top of a snow covered hill .', 'Two hikers climbing a snowy hill .', 'Two people are on a snow-covered mountain .', 'Two people climbing up a snowy mountain .']",0.028830051881449627,0.2,0.0,0.2,0.10638297872340426
1089181217_ee1167f7af.jpg,a dog running on a path,"['a brown dog running down a paved pathway', 'A brown dog running next to grass .', 'A dog is running down a road .', 'A light brown dog runs down a path happily .', 'Energetic brown dog running']",0.16081610708211713,0.6666666666666667,0.3076923076923077,0.6666666666666667,0.46458333333333335
1089755335_0bfbfd30e6.jpg,a group of people fishing on a pier,"['A mother and children is fishing on a boardwalk at night .', 'A woman and three children stand on a deck with a fishing pole .', 'A woman stands with children on a boardwalk at night overlooking the sea .', 'Some people on a pier at night with one girl fishing off it .', 'Woman with three children fishing over boardwalk in the evening .']",0.17757202731036284,0.4761904761904762,0.23529411764705882,0.4210526315789474,0.33283582089552244
109202756_b97fcdc62c.jpg,a woman riding a horse on a snowy trail,"['A woman dressed in a blue jacket and blue jeans rides a brown horse near a frozen lake and snow-covered mountain .', 'A woman in a blue jacket rides a brown pony near water .', 'A woman rides a horse near a frozen lake in the wintertime .', 'A young blond woman sitting atop a brown draft horse in the snowy mountains .', 'Woman n blue jacket sits on daft horse near a frozen lake .']",0.06592445037426754,0.5714285714285715,0.4210526315789474,0.5714285714285715,0.4673721340388008
109202801_c6381eef15.jpg,two horses pulling a sler,"['Two draft horses pull a cart through the snow .', 'Two golden brown horses pull a sleigh driven by a woman in a blue coat .', 'Two horses are pulling a woman in a cart .', 'Two horses pull a carriage driven by a woman over snow covered ground .', 'Two horses pulling a sled steered by a smiling blond woman .']",0.24601580968354606,0.5714285714285714,0.4285714285714285,0.5714285714285714,0.39473684210526316
109260216_85b0be5378.jpg,a man climbing up a steep in the mountains,"['A person climbing down a sheer rock cliff using a rope', 'A person climbs a tall , flat mountain while holding onto a safety rope .', 'A person is climbing a rock while holding onto a white rope .', 'A person rappels down a steep incline .', 'A person wearing a red vest climbs up a steep rock .']",0.16418110161559327,0.5,0.33333333333333326,0.5,0.41367521367521376
109260218_fca831f933.jpg,a group of people standing in a cave,"['People stand inside a rock dome .', 'Shaft of light in a cave shows three spelunkers', 'Spelunkers pose inside a rock cavern while bathed in sunlight from the surface .', 'three people sit in a cave .', 'Three rock climbers are posing on big rocks .']",0.18756826382863573,0.5714285714285715,0.3333333333333333,0.5714285714285715,0.5281690140845071
1093716555_801aacef79.jpg,a clear blue sky,"['a group of backpackers lay on the dry ground .', 'A group of hikers are resting on the ground in front of some mountains .', 'People camp with the mountains in the background .', 'Several hikers rest with their gear in front of a mountain .', 'The group of hikers is resting in front of a mountain .']",0.01748631038720509,0.15384615384615383,0.0,0.15384615384615383,0.05319148936170213
1093737381_b313cd49ff.jpg,a woman standing in front of a red building,"['A woman in a blue dress stands with a chalk portrait of two children playing by a stream .', 'A woman standing in front of a chalk drawing', 'A woman stands next to a chalk drawing in front of a barn-like structure .', 'A woman stands outside near an elaborate chalk illustration .', 'A woman wearing a blue dress is drawing a picture of a boy and a girl on the sidewalk with sidewalk chalk .']",0.7259795291154771,0.7777777777777778,0.75,0.7777777777777778,0.7766439909297052
1094462889_f9966dafa6.jpg,a dog in the snow,"['A brown dog plays in a deep pile of snow .', 'A dog looking at the camera in snow .', 'a dog runs through the snow .', 'A tan dog stand in the snow and looks up .', 'The brown dog is out in the snow .']",0.2524516812823377,0.7692307692307693,0.4444444444444445,0.7272727272727272,0.551470588235294
1095476286_87d4f8664e.jpg,a boy playing in a fountain,"['A boy jumping in a fountain .', 'a boy plays in the fountains .', 'A child plays in a fountain .', 'A little boy playing in the water .', 'A young boy is jumping through water being sprayed up from the ground .']",0.35188414642744126,0.8333333333333334,0.6,0.8333333333333334,0.7014492753623188
1095580424_76f0aa8a3e.jpg,a dog is sitting in the grass,"['A Corgi runs out of a tunnel .', 'A dog runs out of a tunnel on a course .', 'Dog running out of tunnel on obstacle course', 'The dog is running out of the tunnel on a dog obedience course .', 'The small brown and white dog is running out of a small tunnel .']",0.10045336723855572,0.4,0.2222222222222222,0.3,0.23731203007518795
1095590286_c654f7e5a9.jpg,two dogs running,"['A blond dog and a black and white dog run in a dirt field .', 'a dog chases another dog .', 'A yellow dog and a black and white dog are running in the dirt .', 'Two dogs are running in a field .', 'two dogs running around']",0.41252121275142684,0.8571428571428571,0.8,0.8571428571428571,0.754985754985755
1095980313_3c94799968.jpg,a girl in a blue swimsuit is standing on a boardwalk,"['A little girl in a blue swimsuit is walking along a wooden fence next to a sandy beach .', 'A little girl with arms outstretched is posing at the beach .', 'A young girl walks on a railing in front of the beach .', 'Little girl in blue swimsuit standing on a handrail near a beach .', 'The little girl in the blue bathing suit is posing at the beach .']",0.5509785767132417,0.6956521739130435,0.380952380952381,0.6086956521739131,0.5487060546875001
1096097967_ac305887b4.jpg,a dog in a pool,"['A black and white dog drinking water from a water spray .', 'A black and white dog is being soaked with a jet of water in a blue paddling pool .', 'A dog sticking its face into the shower from a garden hose .', 'A small white dog gets sprayed by water', 'A white and black dog is jumping into a pool .']",0.11008557848978315,0.5333333333333333,0.15384615384615383,0.5333333333333333,0.3034855769230769
1096165011_cc5eb16aa6.jpg,a boy swimming in the water,"['a boy smiles underwater .', 'A red-headed boy swimming underwater .', 'A small boy swimming underwater', 'A smiling boy swims underwater in a pool .', 'The boys smiles underwater at the pool .']",0.1453137565721364,0.5714285714285715,0.25,0.5714285714285715,0.5010893246187365
1096395242_fc69f0ae5a.jpg,a child playing with a toy,"['A boy with a toy gun .', 'A little boy in orange shorts playing with a toy .', 'A young boy with his foot outstretched aims a toy at the camera in front of a fireplace .', 'A young child plays with his new light-up toy .', 'Boy with toy gun pointed at the camera .']",0.4760116549244004,0.6666666666666666,0.42857142857142855,0.6666666666666666,0.5434782608695652
109671650_f7bbc297fa.jpg,a clear blue sky,"['A boy in yellow shorts is standing on top of a cliff .', 'A boy wearing blue and yellow walking on a cliff edge .', 'A little boy standing high in the air on a rock .', 'A young child is standing alone on some jagged rocks .', 'Child stands near edge of cliff .']",0.03428490282331748,0.26666666666666666,0.0,0.26666666666666666,0.08928571428571427
109738763_90541ef30d.jpg,a snowmobile in the air,"['A person on a snowmobile in mid jump .', 'A snowmobiler flies through the air .', 'A snowmobile rider flies through the air on his or her machine in front of tall pine trees .', 'Rider jumps snowmobile high in rural area .', 'The man is up in the air .']",0.3226045218214549,0.7272727272727272,0.4444444444444445,0.7272727272727272,0.551470588235294
109738916_236dc456ac.jpg,snow covered trees,"['People are riding around on snowmobiles .', 'People pose with helmets and goggles on while riding snowmobiles .', 'Several people are taking a break while on a snowmobiling ride .', 'Three people and two snowmobiles .', 'Two helmeted men sit on yellow snowmobiles while another man stands behind watching .']",0.0,0.0,0.0,0.0,0.0
109823394_83fcb735e1.jpg,a man riding a quad quad quad quad quad quad quad quad quad quad quad quad quad quad quad quad quad,"['Three people drive ATVs .', 'Three people on ATVs in a brown field turn their heads to look at the camera .', ""Three people on ATV 's outside ."", ""three people on four wheel ATV 's in a field ."", 'Three people ride their four wheelers through the field .']",0.012518377344512808,0.06666666666666667,0.0,0.06666666666666667,0.07575757575757576
109823395_6fb423a90f.jpg,a man riding a quad quad quad quad quad quad quad quad quad quad quad quad quad quad quad quad quad quad quad quad quad quad quad quad,"['A four wheeler jumping in an empty field .', 'A man on a four wheeler is flying through the air .', 'A person is riding an orange ATV in a large empty field .', 'Man jumping with all terrain vehicle', 'Man on an ATV catching air !']",0.025927732347438295,0.15384615384615383,0.05405405405405406,0.15384615384615383,0.18790849673202617
109823397_e35154645f.jpg,a man riding a quad quad quad quad quad quad quad quad quad quad quad quad quad quad quad quad quad quad quad quad quad quad quad quad,"['A man jumps gin the air while riding an ATV', 'A man on a four-wheeler jumps near a small building .', 'An ATV is airborne over a field in front of a white structure .', 'A person dressed in a tan jacket jumps a quad over a harvested cornfield in front of a small out building .', 'Man on four wheeler in the air .']",0.03260239740954051,0.15789473684210525,0.05555555555555555,0.15789473684210525,0.1271186440677966
1100214449_d10861e633.jpg,a fountain with water,"['A boy in s striped shirt is jumping in front of a water fountain .', 'A boy is jumping off the side of a running stone water fountain in front of a building .', 'A happy boy is jumping in front OD city fountain .', 'A little boy is jumping in front of a fountain .', 'A little boy is playfully jumping off the side of a fountain .']",0.03235060368792806,0.3333333333333333,0.16666666666666666,0.28571428571428575,0.1820388349514563
1104133405_c04a00707f.jpg,a young boy running in the grass,"['A boy carrying a soccer ball .', 'A boy walks with a ball tucked under his arm .', 'A boy walks with a soccer ball near a fence .', 'A boy wearing a white t-shirt walks on the grass and carries a soccer ball .', 'Small boy carries a soccer ball on a field .']",0.09744264611591712,0.34782608695652173,0.09523809523809522,0.34782608695652173,0.20902317880794705
1105959054_9c3a738096.jpg,a young girl painting,"['A child painting a picture .', 'An artist paints clouds onto a canvas .', 'A young girl painting a picture .', 'A young girl with braids is painting with water colors on a white paper on the wall .', 'The child paints on a large paper with water colors .']",0.6065306597126334,0.8,0.7499999999999999,0.8,0.5597014925373134
110595925_f3395c8bd6.jpg,a person riding a bike on a road,"['A cyclist is riding a bicycle on a curved road up a hill .', 'A man in aerodynamic gear riding a bicycle down a road around a sharp curve .', 'A man on a mountain bike is pedaling up a hill .', 'Man bicycle up a road , while cows graze on a hill nearby .', 'The biker is riding around a curve in the road .']",0.08812171313869155,0.5714285714285714,0.2222222222222222,0.5714285714285714,0.23554104477611937
1107246521_d16a476380.jpg,a dog chasing a frur,"['a black dog jumping to catch a rope toy', 'A black dog playing fetch with a ball of rope .', 'A black dog pounces to get a rope toy .', 'A black dog running after his rope toy .', 'A large black dog is playing in a grassy yard .']",0.026994953922631296,0.42857142857142855,0.0,0.42857142857142855,0.17441860465116277
1107471216_4336c9b328.jpg,a girl holding a camera,"['A little girl is holding a cine camera in front of her face .', 'A young girl is looking through an old fashioned video camera .', 'A young girl steadies her aim with a camera', 'Girl with rosy cheeks and lips holding black toy gun .', 'There is a kid with a gun .']",0.09947354929191693,0.5714285714285714,0.16666666666666666,0.5714285714285714,0.36700581395348836
1110208841_5bb6806afe.jpg,a dog jumping in the air,"['A black and white Border Collie catches a Frisbee in front of an audience .', 'a brown and white dog catches a Frisbee in it mouth in front of a group of people .', 'A brown and white dug jumping up to catch a Frisbee while an audience watches .', 'A dog jumps to catch a Frisbee , while many people watch .', 'An agile dog catches a Frisbee while a crowd of onlookers watches closely .']",0.03598693275326274,0.3529411764705882,0.26666666666666666,0.3529411764705882,0.20776874435411022
1112212364_0c48235fc2.jpg,a baby sitting on rocks,"['A baby is sitting on and playing with smooth rocks .', 'A baby is stacking rocks on the beach .', 'A small boy is playing with rocks', 'A toddler sitting on a pile of rocks holding a rock at a beach .', 'Toddler sits on a pile of rocks .']",0.12149726746912895,0.6666666666666666,0.30769230769230765,0.6666666666666666,0.4288461538461539
111497985_38e9f88856.jpg,a woman climbing a mountain,"['A kid rock climbing against the backdrop of a green valley', 'A woman in a striped shirt climbs up a mountain .', 'A young man climbs a rocky hill .', 'The person has a striped shirt on and is holding on to a rope on a mountain .', 'The person in the striped shirt is mountain climbing .']",0.09947354929191693,0.6666666666666666,0.30769230769230765,0.6666666666666666,0.3576923076923077
111537217_082a4ba060.jpg,a man climbing on a rock,"['A man climbing a rock wall', 'A man climbing the side of a cliff .', 'A man is rock climbing .', 'Man with red shoes , white shirt and grey pants climbing .', 'The young man with the white t-shirt and jeans is rappeling up the rock wall .']",0.293945703509473,0.8333333333333334,0.6,0.8333333333333334,0.8066666666666668
111537222_07e56d5a30.jpg,a man climbing,"['A climber wearing a blue helmet and headlamp is attached to a rope on the rock face .', 'A man climbs a rocky wall .', 'a rock climber climbs a large rock .', 'A woman in purple snakeskin pants climbs a rock .', 'Person with blue helmet and purple pants is rock climbing .']",0.06178000217402106,0.6666666666666666,0.5714285714285715,0.6666666666666666,0.3872053872053872
1115565519_d976d4b1f1.jpg,a girl playing with a dolphin,"['A child playing with a fountain at the beach .', 'A child plays with a fountain .', 'A girl looks at a fountain that sprays water .', 'A little girl playing in water on a frog sculpture .', 'The little girl is playing with a toy in a public fountain .']",0.2673741316706202,0.6666666666666666,0.4000000000000001,0.6666666666666666,0.5434782608695652
1115679311_245eff2f4b.jpg,a dog on the beach,"['A black dog is jumping over a log along a beach .', 'A black dog runs along the beach and jumps over a wood barrior .', 'A dog is running on the beach .', 'a dog jumping over a small wall at a beach near the water .', 'An animal is running on the beach .']",0.20668995513209096,0.8333333333333333,0.6,0.8333333333333333,0.6285714285714286
111766423_4522d36e56.jpg,a bird on a hand,"[""A black and white bird eating seeds out of someone 's hand"", 'A black and white bird standing on a hand .', ""A small bird sits in a person 's hand and eats seeds ."", 'Black and white bird standing on hand of someone holding sunflower seeds', 'The small bird is clinging to a finger of the hand holding the seeds .']",0.12519263012516277,0.7142857142857143,0.3333333333333333,0.7142857142857143,0.4694736842105263
1117972841_2b9261f95f.jpg,a dog laying on the ground,"['A brown dog is running in the sand .', 'A brown dog playing in the sand .', 'A brown dog plays at the beach .', 'A dog is standing in the sand .', 'A dog running fast in the sand .']",0.07705879552382316,0.4615384615384615,0.1818181818181818,0.4615384615384615,0.32763532763532766
1118557877_736f339752.jpg,a boy in the water,"['A little boy stands in the surf .', 'A small child wades through the water while being guided by another person .', 'A young boy laughs while splashing in the ocean .', 'a young boy wearing a colorful bathing suit splashing in the ocean', 'A young child splashing in water .']",0.12149726746912895,0.6666666666666666,0.2,0.6666666666666666,0.40990259740259744
1119015538_e8e796281e.jpg,a small dog running through a grassy field,"['A little tan dog with large ears running through the grass .', 'A playful dog is running through the grass .', 'A small dogs ears stick up as it runs in the grass .', 'The small dog is running across the lawn .', 'this is a small beige dog running through a grassy field']",0.7018239548531161,0.8421052631578948,0.7058823529411764,0.8421052631578948,0.741822429906542
1119418776_58e4b93eac.jpg,a dog running in a field,"['A black and white dog is running through the field .', 'A black , brown and white dog running through a field .', 'A brown , black and white dog is running through a large field with its mouth open .', 'A dog running in a field .', 'A dog with its mouth open running through a field torwards the camera .']",0.846481724890614,1.0,1.0,1.0,0.8675523349436391
1119463452_69d4eecd08.jpg,a girl in a pool,"['A girl in a pink swimsuit in a pool', 'A girl swimming in a pool .', 'A little girl in a pink bathing suit swimming in a pool .', 'A little girl swimming in a pool .', 'Smiling little girl swimming in outdoor pool .']",0.563669723784074,0.9090909090909091,0.6666666666666666,0.9090909090909091,0.711764705882353
1121416483_c7902d0d49.jpg,a little girl is doing a handstant on a bed,"['A child is standing on her head .', 'A little girl standing on her head .', 'A small child doing a handstand on a bed .', 'A young girl does a handstand on a bed with blue sheets .', 'The girl is upside down on a bed']",0.26503438798813755,0.631578947368421,0.375,0.631578947368421,0.5902439024390245
112178718_87270d9b4d.jpg,a man holding a surfboard in the sand,"['A guy stands in the sand with a snowboard behind him .', 'A man holds a surfboard on the beach .', 'a man holds his snowboard in the sand .', 'A man with his surfboard stands in the sand .', 'Man is standing on white sand and holding a snowboard .']",0.23409252499909466,0.75,0.5714285714285714,0.75,0.66167290886392
112243673_fd68255217.jpg,a field of dead grass,"['People on ATVs and dirt bikes are traveling along a worn path in a field surrounded by trees .', ""Three people are riding around on ATV 's and motorcycles ."", 'Three people on motorbikes follow a trail through dry grass .', 'Three people on two dirt-bikes and one four-wheeler are riding through brown grass .', 'Three people ride off-road bikes through a field surrounded by trees .']",0.04040277907070921,0.26666666666666666,0.13333333333333333,0.26666666666666666,0.165929203539823
1122944218_8eb3607403.jpg,a woman holding a baby,"['A baby in a white garment holds a flag with crescent moon and star .', 'A baby is holding a small black flag with a moon and a star on it .', 'A baby wearing a white gown waves a Muslim flag .', 'A little toddler dressed in white is smiling while a lady helps him wave a flag .', 'Baby in white outfit holding black and white flag .']",0.06306121269431897,0.4210526315789473,0.23529411764705882,0.3157894736842105,0.22544642857142855
1124448967_2221af8dc5.jpg,a man sleeping on a chair in front of a building,"['A half naked man is sleeping on his chair outdoors .', 'An older man sits back and relaxes on a patio outside an adobe building where many bicycles are propped .', 'A shirtless man in a white cap relaxes in a deck chair , close to three parked bicycles .', 'Man relaxing in a folding chair on the street .', 'Topless old man wearing slippers , navy blue pants and a white hat while reclining in a chair outside .']",0.09949866471312813,0.5,0.10526315789473685,0.47619047619047616,0.3381818181818182
1129704496_4a61441f2c.jpg,two dogs playing in the water,"['A brown and white and a black and white dog hauling in a floating toy from the ocean .', 'Both dogs retrieve the play toy from the water .', 'Two dogs in the ocean playing with a toy', 'Two dogs run through the water with a rope in their mouths .', 'Two dogs tug at a chew toy in the surf .']",0.10208868633138472,0.6666666666666667,0.3076923076923077,0.5333333333333333,0.5126436781609196
1130017585_1a219257ac.jpg,a group of people standing on a street,"['There are three young people , one dark haired holding a bottled drink , one with head tilted back and finger in her mouth , and one with spiked hair .', 'The young people party in the streets .', 'Three girls make faces as one takes a drink while they stand in a busy street .', 'Three women on the street drinking and posing', 'Three young women pose for the camera at a parade .']",0.04276640266616225,0.3333333333333333,0.0,0.3333333333333333,0.125
1130369873_d80a1aa59c.jpg,a dog in the water,"['A brown dog is running through neck-deep water carrying a tennis ball .', 'A brown dog splashes in the water while carrying a ball in its mouth .', 'A brown dog swims through water outdoors with a tennis ball in its mouth .', 'A red dog , holding a ball , splashes through vegetation filled water .', 'Brown dog with tennis ball in mouth , in water and bushes .']",0.06870717216590487,0.5263157894736842,0.23529411764705882,0.5263157894736842,0.2657142857142857
1130401779_8c30182e3e.jpg,the water is brown,"['Two brown dogs are creating large splashes as they run in a river .', 'Two brown dogs in the water .', 'Two brown dogs running through water .', 'Two brown dogs runs through the water .', 'Two dogs splash through the water .']",0.08793805814457502,0.6,0.25,0.4,0.3814262023217247
1131155939_b4b457b05e.jpg,a dog running on the beach,"['A black dog runs into the ocean next to a pile of seaweed .', 'A black lav runs into the water on the beach , with swimmers in the distance and sea kelp in the foreground .', 'A dog at the shore of an ocean , with seaweed in foreground .', 'A dog is running in the waves at the beach .', 'A pile of seaweed sits on the sand , behind it a big black dog is running in the water .']",0.13370583480862633,0.625,0.2857142857142857,0.625,0.4247619047619048
1131340021_83f46b150a.jpg,a young boy is running on a skateboard,"['A young boy runs while wearing sandals .', 'Little boy in a striped shirt and brown shorts is running .', 'The little boy , in a short sleeved shirt and shorts , is running outside .', 'The little boy is wearing a black pinstripe shirt and walking on a deck .', 'Young boy running outside on the pavement .']",0.25655257003848936,0.5333333333333333,0.30769230769230765,0.5333333333333333,0.39453125
1131800850_89c7ffd477.jpg,a dog with wet fur,"['A brown and white dog stands outside while it snows .', 'A dog is looking at something near the water .', 'A furry dog attempts to dry itself by shaking the water off its coat .', 'A white and brown dog shaking its self dry .', 'The large brown and white dog shakes off water .']",0.04459101112600014,0.2857142857142857,0.16666666666666666,0.2857142857142857,0.19736842105263158
1131804997_177c3c0640.jpg,a man and woman sitting on a bench,"['Two men are sitting on the ground and going through their backpacks .', 'Two men sitting in front of a railing are looking at something .', 'Two men with backpacks placed in front of them sitting in front of a railing .', 'Two men with backpacks are sitting on cardboard along a railing .', 'Two older men with backpacks sit at a bus station .']",0.058216099696394866,0.3157894736842105,0.11764705882352941,0.3157894736842105,0.22030651340996166
1131932671_c8d17751b3.jpg,a man and a child on a bed,"['A boy is jumping on a bed .', 'A boy jumped up from the green bed .', 'A boy jumps from one bed to another .', 'A small child is jumping on a bed .', 'The boy in blue shorts is bouncing on the bed .']",0.18756826382863573,0.625,0.30769230769230765,0.625,0.5011235955056179
1132772170_600610c5df.jpg,a man jumping on a bed,"['A child leaping from bed to bed behind the back of a man .', 'A man is standing with his arms folded looking at something while the person behind him is jumping onto one of the two beds in the room .', 'a man wearing a yellow shirt standing in the middle of two beds that a boy is jumping on in the background', 'A young child jumping on the bed as a man looks the other way .', 'Man standing in the bedroom with little boy jumping into bed .']",0.055950962211922806,0.6,0.2222222222222222,0.4,0.30240346729708434
113678030_87a6a6e42e.jpg,a person sitting on the snow,"['A snowboarder sits on a slope with skiers and boarders nearby .', 'A snowboarder takes a rest on the mountainside .', 'Snowboarders sitting in the snow while skiers take the hill .', 'The snowboarder is sitting down .', 'Two skiers stand , two sit on slopes .']",0.1453137565721364,0.42857142857142855,0.1818181818181818,0.42857142857142855,0.2937420178799489
1138784872_69ade3f2ab.jpg,a small child walking down the sidewalk,"['A girl in green walks down a city street .', 'A small child in green clothing walks past a store opening and a woman in pink pants .', 'A small child walks down a sidewalk .', 'A young boy is walking in front of some stores', 'The child in the green one piece suit is walking past a store window .']",0.20687157186847915,0.8571428571428571,0.6666666666666666,0.8571428571428571,0.7120253164556962
114051287_dd85625a04.jpg,a man in a car,"['A boy dressed in soccer attire and holding his shoes getting out of a car .', 'A boy in a red soccer strip is holding his boots in his hand whilst stepping out of a car .', 'A boy in glasses is wearing a red shirt .', 'A child getting out of the car wearing soccer shoes .', 'A young boy gets out of the van and prepares his shoes for wear during a soccer game .']",0.06306121269431897,0.42857142857142855,0.17391304347826086,0.42857142857142855,0.2118288590604027
1141718391_24164bf1b1.jpg,a woman walking up a set of stairs,"['A bridge through high green plants , a man and a woman on it .', 'A man and a woman are crossing over a rope bridge with greenery all over them .', 'A man and a woman are walking across a rope bridge .', 'A man and a woman crossing a suspension bridge in a tropical setting .', 'Woman and man walking across wooden rope bridge with a caution sign beside it .']",0.05137552766262447,0.4210526315789474,0.11764705882352941,0.4210526315789474,0.2720905172413793
1141739219_2c47195e4c.jpg,a truck parked on the side of a road,"['A family gathered at a painted van', 'A girl climbing down from the side of a bright blue truck while others watch .', 'A man is helping a girl step down from a colorful truck whilst a woman and three children watch .', 'A very colorful bus is pulled off to the side of the road as its passengers load .', 'Two women and four children standing next to a brightly painted truck .']",0.34329452398451965,0.5,0.2727272727272727,0.4166666666666667,0.36764705882352944
1142283988_6b227c5231.jpg,a woman hugging a man,"['A blond woman poses with a person in a pink costume .', 'A smiling woman holds a person dressed in a pig costume .', ""A young woman hugs a young man who 's wearing a pink costume ."", 'Blond embracing young man in pink costume , at event', 'Two people are hugging and one is wearing a pink-hooded stretch top .']",0.025112264761865913,0.5555555555555556,0.25,0.5555555555555556,0.283969465648855
1142847777_2a0c1c2551.jpg,a man riding a bike,"['A bicyclist riding on a city street .', 'A woman in a blue helmet and brown shorts rides her bike on a busy street .', 'A woman is riding a blue bike .', 'A woman is riding her bicycle in traffic', 'A woman wearing a blue helmet rides her bicycle in a parking lot .']",0.07910840203842791,0.6666666666666666,0.2,0.6666666666666666,0.40990259740259744
1143373711_2e90b7b799.jpg,a man riding a bike,"['A bicycle rider is crossing a street .', 'A bicyclist getting ready to cross a street .', 'A biker in spandex riding on a busy street .', 'A man in blue and white biking gear rides down a busy street .', 'a man wearing a helmet riding his bicycle down the street .']",0.07910840203842791,0.5555555555555556,0.14285714285714288,0.4444444444444444,0.283969465648855
1143882946_1898d2eeb9.jpg,a woman riding a bike,"['A lady wearing a helmet holding a bike .', 'A woman in a blue vest and a sky blue helmet stands with her bicycle in traffic .', 'A woman in a helmet rides her bike behind a car .', 'A woman with a helmet and a backpack walks next to her bike .', 'Women with bike and helmet wait for traffic .']",0.0770231391177663,0.625,0.18181818181818182,0.5000000000000001,0.297157622739018
1144288288_e5c9558b6a.jpg,a woman walking down the street,"['A man in shorts is jogging along a street with a headset .', 'A person in blue shorts and wearing a Walkman jogs .', 'A woman in a white shirt and blue shorts is wearing headphones .', 'A woman walks on a street wearing headphones .', 'A woman wearing a white hat and shirt is jogging down a street with a plant store on the corner .']",0.07411429643087633,0.5714285714285715,0.3333333333333333,0.5714285714285715,0.3627873563218391
1148238960_f8cacec2fc.jpg,a group of people riding bikes,"['Bicyclists are standing at an intersection .', 'Bicyclists waiting at an intersection .', 'People on bicycles waiting at an intersection .', 'People waiting at a light on bikes .', 'three bikers stop in town .']",0.049475702907177795,0.4615384615384615,0.0,0.30769230769230765,0.19230769230769232
1149179852_acad4d7300.jpg,a horse pulling a cart,"['A man without a shirt on is guiding a large brown horse pulling a green and yellow wagon .', 'A shirtless man escorts a horse pulling a carriage along a paved road .', 'A shirtless man leading a horse that is pulling a carriage .', 'Shirtless man leading a small horse-drawn covered wagon down a road', 'The shirtless man is walking the Shetland pony and carriage down the street .']",0.20142070913129906,0.5000000000000001,0.375,0.5000000000000001,0.331858407079646
114949897_490ca7eaec.jpg,a man is throwing a baseball ball into a net,"['A boy hits a ball off of a tee ball into to net .', 'A child practices hitting a baseball into a net , while two adult men watch .', 'A man holds a net while a boys bats a ball into it .', 'The man is holding the net for the boy playing baseball .', 'Three people put up a batting cage .']",0.222866466778187,0.608695652173913,0.28571428571428575,0.5,0.3911994485294117
1151466868_3bc4d9580b.jpg,a girl in the water,"['A small girl spins in the waves in the bright sun .', 'A young girl plays in shallow water .', ""A young girl wears a shirt and shorts as she plays in the ocean 's surf ."", 'Girl running through the water near the shore .', 'The little girl splashes through the water .']",0.09947354929191693,0.6666666666666666,0.2,0.6666666666666666,0.33189033189033185
1153704539_542f7aa3a5.jpg,a group of girls playing a game of drum,"['A girl playing trumpet in a marching band .', 'A teenager plays her trumpet on the field at a game .', 'a young girl wearing a blue shirt marching in a band playing a trumpet', 'Girl playing the trumpet in a marching band', 'Girl wearing blue shirt and black shorts plays trumped outside .']",0.08939367162920239,0.47058823529411764,0.13333333333333333,0.47058823529411764,0.3506944444444444
1155138244_859fd6e079.jpg,a woman wearing a green hat,"['A girl hands out Starbucks samples at a street fair .', 'An Asian girl in a green hat and apron is serving drinks on a tray .', 'a Starbucks barista offering up a tray of drinks', 'The waitress offers complimentary tea to the patrons .', 'Woman dressed in a green hat and apron is holding a try full of drink samples .']",0.16110056403340645,0.45454545454545453,0.21052631578947364,0.36363636363636365,0.23396226415094343
115684808_cb01227802.jpg,a group of people standing around a snow covered field,"['Three men are setting up a sledge on a snowy plain .', 'Three men loading items on a sled .', 'Three people and a sled .', 'Three people are standing in the snow preparing an ice fishing boat .', 'Three people in the snow put their gear in order .']",0.03173910591255258,0.2727272727272727,0.0,0.2727272727272727,0.15625
1159574340_99ba8c3c59.jpg,a man jumping into a river,"['A child jumping into a lake in a wooded area while another child plays on the shore .', 'A child jumps into the water with his sneakers on .', 'A kid jumping into a pool of water .', 'Little boy in sneakers jumping into water .', 'The man takes a leap into the water with his shoes on .']",0.19031782883939347,0.5714285714285715,0.3333333333333333,0.5714285714285715,0.4310344827586207
1160034462_16b38174fe.jpg,a man sitting on a bench,"['A elderly man in a straw hat is sitting on a bench .', 'a elderly man sits alone on a park bench .', 'An old man in a straw hat sits on a park bench .', 'The old man in the brown hat is sitting on the bench .', 'White haired man in gray sweater and a straw hat sitting on a bench under a tree .']",0.288715663092199,0.8,0.37499999999999994,0.8,0.5324074074074074
1160441615_fe6b3c5277.jpg,a bridge with a metal railing,"['Three girls are walking across a bridge covered with wood and surrounded by trees .', 'Three girls walking along an arched garden pathway .', 'Three girls walk under an arbor on a path surrounded by trees .', 'Three women walking through a tunnel in a park .', 'Three women walk through a plant covered atrium hallway .']",0.0700929739566753,0.3,0.1111111111111111,0.3,0.10638297872340426
1163282319_b729b24c46.jpg,a little girl sitting on a rock with a toothy expression,"['A girl dressed in a red top , a red cap , and light colored shorts , sits on a rock outside .', 'A little girl in a red hat and yellow flip flops sits on a rock .', 'A little girl with a red hood and shirt is sitting with legs sprawled on a rock , her mouth open .', 'A young girl wearing yellow flip-flops is sitting on a large boulder .', 'The little girl sits on top of a rock .']",0.2646397094876826,0.6153846153846153,0.4444444444444445,0.6,0.5569306930693068
116409198_0fe0c94f3b.jpg,a man sitting in the snow,"['A man eats near a tent in the snow .', 'A man sitting near a tent in the snow and ice .', 'A mountaineer sits in the snow in front of a yellow tent under clear blue sky .', 'Person wearing a hooded jacket sitting on snow in front of a yellow tent .', 'Young man in hooded jacket sitting on snow in mountain area .']",0.20184823519846853,0.7058823529411764,0.5333333333333333,0.7058823529411764,0.4934210526315789
1164131282_b30926f332.jpg,a dog running in a field,"['A grey dog beside a black and white dog running in green grass .', 'two dogs are wrestling in a grassy field .', 'two dogs , playing in a field , wrestling with each other', 'Two dogs run along a grassy field while one bites the other .', 'Two dogs wrestle in a field .']",0.3327914788249974,0.6666666666666666,0.4000000000000001,0.6666666666666666,0.5434782608695652
1164765687_7aca07bbe7.jpg,a man laying on the floor,"['A man in a red shirt and glasses is bending down towards a small dog on a blanket with several stuffed animals .', 'A man in a red shirt is giving toys to a small dog .', 'A man is playing tug of war with his dog .', 'A man playing with a black dog on a white blanket .', 'A man playing with his dog on the blanket on the floor .']",0.12774827614356976,0.5555555555555556,0.37499999999999994,0.5555555555555556,0.39349593495934965
1167662968_e466f1e80a.jpg,a man wearing a red hat,"['A guy with a nose piercing .', 'A man in a red cap with a nose ring .', 'A teenage boy has a silver ring protruding from his nose .', 'closeup picture of a man with a nose ring and a brown shirt', 'Young man with a nose ring and a hat .']",0.12300543931351683,0.5333333333333333,0.2857142857142857,0.5,0.20833333333333331
1167669558_87a8a467d6.jpg,man with a yellow shirt,"['A man in yellow grimaces .', 'a man wearing a yellow shirt with a dramatic look on his face', 'The man in the yellow t-shirt is pulling a large grin on his face .', 'There is a man , wearing a yellow shirt , and grimacing .', 'This man is smiling very big at the camera .']",0.30834517982041937,0.6,0.375,0.5333333333333333,0.3655737704918033
1167908324_8caab45e15.jpg,a man playing a video game,"['A man is standing by a group of video games in a bar .', 'a man standing in a bar with a neon beer sign hanging on the wall', 'A man stands next to a bank of computer gambling machines .', 'A man stands next to three video game machines and a beer sign .', 'A man stands next to three video machines .']",0.08813724863901892,0.5263157894736842,0.23529411764705882,0.5263157894736842,0.3378787878787879
1169307342_e7a4685a5c.jpg,a dog chasing a dog,"['A big brown dog plays with a smaller grey dog on the grass .', 'The dark brown dog is playing with the light brown dog .', 'Two brown dogs are running through the grass .', 'Two brown dogs run side by side .', 'Two dogs running and playing rough in the grass .']",0.0354304094321209,0.4444444444444444,0.0,0.4444444444444444,0.15267175572519082
1174525839_7c1e6cfa86.jpg,a woman is jumping in the air on the beach,"['A girl in blue is jumping on the shore as small waves approach her .', 'A girl leaps into the air while standing by the ocean .', 'A young , long-haired , girl on the beach , is jumping in the air .', 'The girl is running into the ocean from the shore .', 'The girls is jumping into the air on the beach .']",0.6696546139496112,0.7826086956521738,0.5714285714285715,0.7,0.634712600636585
1174629344_a2e1a2bdbf.jpg,a group of people walking down a street,"['A crowd of people walk down a busy sidewalk .', 'A group of different people are walking in all different directions in a city .', 'A group of people walking a city street in warm weather .', 'Busy intersection in the summer time in a city', 'People in summer clothes are walking on the sidewalk of a large city .']",0.5425486407251954,0.7368421052631579,0.5333333333333333,0.7368421052631579,0.600907029478458
1176580356_9810d877bf.jpg,a dog jumping in the air,"['A big dog catches a ball on his nose', 'A brown and black dog is jumping to catch a red ball .', 'A brown and black dog jumps for a red ball .', 'Dog jumps to get orange ball on his head .', 'The brown and black dog is jumping up to catch a red ball .']",0.0322462648142529,0.42105263157894735,0.15384615384615385,0.37499999999999994,0.24338624338624337
1177994172_10d143cb8d.jpg,two boys playing with a water hose,"['Two blonde boys , one in a camouflage shirt and the other in blue , are having a water fight .', 'Two boys are squirting water guns at each other .', 'Two boys spraying each other with water', 'Two children wearing jeans squirt water at each other .', 'Two young boys are squirting water at each other .']",0.1225276407029182,0.5714285714285714,0.16666666666666666,0.5714285714285714,0.4508928571428571
1178705300_c224d9a4f1.jpg,a dog jumping in the air,"['a brown dog jumping into a pool after a bloe ball .', 'A dog in the air above the swimming pool .', 'A dog jumps into a backyard pool .', 'A tan colored dog is jumping into an outdoor pool .', 'A tan colored dog leaps into the inground pool .']",0.2368821221053975,0.6666666666666667,0.4615384615384615,0.6666666666666667,0.3875
118187095_d422383c81.jpg,a group of people walking down the street,"['Parents are pushing little children in red car carts .', 'twin boys being pushed in small car shaped strollers in a parade', 'Twin toddlers dressed alike being pushed in plastic car strollers in a parade', 'Two children ride in toy cars .', 'Two kids being pushed in car shaped strollers in a parade .']",0.028599617161713803,0.10526315789473685,0.0,0.10526315789473685,0.043103448275862065
118309463_a532b75be9.jpg,a group of young baseball players,"['A boys baseball team wear their uniforms .', 'A small boy smiles as he stands with others wearing the same black hats .', 'Children sporting their Florida Dolphin caps .', 'The boys are all wearing the same baseball hats .', 'Three boys wearing Florida Marlins hats .']",0.03784310341709043,0.30769230769230765,0.0,0.30769230769230765,0.12820512820512822
1184967930_9e29ce380d.jpg,a field of flowers,"['A brown dog running through the grass and flowers .', 'A dog in a field .', 'A dog running in a field of grass and flowers .', 'A dog running in shrubbery along a stream .', 'A dog walks through a field .']",0.28121359314978844,0.5714285714285715,0.3333333333333333,0.5714285714285715,0.3640776699029126
1187435567_18173c148b.jpg,a dog laying on a blanket,"['A small brown and black dog', 'A small brown and black dog playing with a toy', 'A small dog plays with a toy on top of a white blanket .', 'A small , shaggy dog playing with a toy on a blanket .', 'Terrier dog playing with toy on blanket']",0.26560992664366523,0.5882352941176471,0.26666666666666666,0.5882352941176471,0.3626016260162602
1187593464_ce862352c6.jpg,a dog running with a stick in its mouth,"['A big tan dog runs on grass with a big stick in his mouth .', 'A dog running across a grassy field with a stick in its mouth .', 'A dog running with a stick in his mouth', 'A dog runs toward the camera with a stick in its mouth .', 'The dog carrying a long stick in its mouth .']",1.0,0.8888888888888888,0.75,0.8888888888888888,0.8819444444444444
1189977786_4f5aaed773.jpg,a dog jumping into a pool,"['A dog jumping into a swimming pool .', 'A grey dog runs alongside a pool while a yellow dog jumps into the pool .', ""One dog is jumping into a pool while another runs alongside the pool 's edge ."", 'one tan dog jumping in a pool while the other grey dog is on the deck', 'Two dogs jumping into a swimming pool .']",0.7165313105737893,0.923076923076923,0.7272727272727272,0.923076923076923,0.754985754985755
1191338263_a4fa073154.jpg,a woman sitting on a bench in a subway station,"['A little old lady sitting next to an advertisement .', 'An Asian woman waiting at an underground train stop .', 'An old woman sits in a transit station next to a backlit advertisement .', 'A woman sits in a subway station .', 'A woman with an umbrella is sitting at a station , with an Aquos commercial on the wall .']",0.3356891925037239,0.8235294117647058,0.6666666666666667,0.8235294117647058,0.8200597312095569
1193116658_c0161c35b5.jpg,a girl riding a scr,"['A girl rides a unicycle as another rides a scooter next to her .', 'A girl rides a unicycle with a child who rides a scooter .', 'A young girl rides a unicycle next to another riding a scooter on a busy street .', 'The girl on the unicycle reaches out for the child on the scooter .', 'There is a girl on a unicycle and a child on a scooter .']",0.03460872731284258,0.47058823529411764,0.39999999999999997,0.47058823529411764,0.2587090163934426
119534510_d52b3781a3.jpg,a man sitting on a boat,"['A man in a brown shirt sitting on a dock and reading .', 'A man is sitting next to the water , reading .', 'A man reading a book on the dock near a post .', 'A person in a brown jacket is sitting on a pier by the water reading .', 'Person sitting on concrete landing next to body of water']",0.15091675624784212,0.5555555555555556,0.37499999999999994,0.5555555555555556,0.3626016260162602
1197800988_7fb0ca4888.jpg,a tree with green leaves,"['a person sits at a table behind a tree .', 'A person wearing a purple jacket stands behind a tall tree .', 'A woman in a purple jacket is eating a snack at a table behind the tree .', 'A woman sits at a picnic table eating with luggage .', 'People eat under green trees .']",0.11801586795186178,0.4000000000000001,0.16666666666666666,0.2857142857142857,0.19736842105263158
1198194316_543cc7b945.jpg,a woman wearing a black shirt,"['a couple walking along on a sidewalk', 'A man and a woman walk outside .', 'A man and woman standing in front of a refreshment stand', 'A man in a black shirt and jeans walks beside a woman in black pants and a flowery shirt in front of a refreshment stand with others walking nearby .', 'A woman with a floral shirt and purse and a man with a black shirt are walking while another man walks behind them .']",0.24881966613088374,0.4615384615384615,0.22222222222222218,0.3529411764705882,0.20090090090090093
1204996216_71d7519d9a.jpg,a boy laying on a bench,"['A boy lays on a picnic table bench .', 'A child is laying down on a wooden bench .', 'A child is on a bench with arms stretched out .', 'A little boy in a red shirt sitting on a wooden picnic table bench .', 'A little boy lies down on a picnic table bench .']",0.18660152436542707,0.8571428571428571,0.6666666666666666,0.8571428571428571,0.6768837803320561
1206506157_c7956accd5.jpg,two dogs playing in the grass,"['Dogs fight in grass over toy .', 'On grass , two brown dogs tussle for orange toy .', 'Two dogs are playing rough in a green field of grass .', 'Two dogs play with an orange toy in tall grass .', 'Two large brown dogs are playing in the grass .']",0.5115078115793242,0.8,0.4615384615384615,0.8,0.5859375
1207159468_425b902bfb.jpg,a man standing on a wooden fence,"['A boy and a person suspended above a dome structure .', 'A boy in a blue shirt is posing in front of an igloo type building with a person dangling from a rope above the building .', 'A boy poses for a picture and in the background a man is hanging by a rope .', 'A boy stands near a structure outside .', 'a young man wearing a blue shirt with a strange white building in the background']",0.07860900804075133,0.42857142857142855,0.09090909090909091,0.42857142857142855,0.189873417721519
1211015912_9f3ee3a995.jpg,a group of kids,"['A girl in a brown dress surrounded by children closes her eyes .', 'A girl in a yellow dress with the sun shining on her face', 'a girl in yellow dress is standing with her eyes closed in a busy park .', 'A young girl in a white dress', 'Children at a park .']",0.04753271977233425,0.25,0.0,0.25,0.10204081632653061
1213336750_2269b51397.jpg,a man and a woman are playing frun,"['A man in a black jacket is taking a photo of a man in a red jacket .', 'A man in a black outfit is taking a photograph of a man in a red jacket .', 'A man takes a picture of another man in an open area just off of a busy street .', 'A young man taking a picture of another young man outdoors', 'Young man takes picture of another young man in front of church .']",0.05417618525543734,0.3157894736842105,0.08695652173913043,0.3157894736842105,0.1503267973856209
1215334959_b1970965f7.jpg,a group of people sitting on a wall,"['A family sits on a bench near a beach .', 'A family sits on a bench overlooking the beach .', 'A man , woman , girl , and boy sit on a concrete bench by a beach .', 'Family sitting on a bench near the beach .', 'Taking a break while vacationing at the beach']",0.17739111163122614,0.47058823529411764,0.2857142857142857,0.47058823529411764,0.38265306122448983
121800200_bef08fae5f.jpg,a large rock face,"['A group of climbers begin up a sheer rock face .', 'A group of rock climbers climb a rock wall in a forest .', 'Many people are climbing the mountain surrounded by pretty green trees .', 'People at a distance trying to climb a cliff .', 'The flat side of a large , rocky mountain .']",0.05308211186713844,0.4285714285714285,0.2,0.4285714285714285,0.27186761229314416
121971540_0a986ee176.jpg,a white and red boat,"['two men cleaning the outside windows of a yacht', 'Two men climb the side of a boat .', 'Two men on the side of a barge', 'Two people outside cleaning windows while on a ledge of a boat .', 'Two people stand on the side of a large white and red boat .']",0.3880684294761699,0.5555555555555556,0.375,0.5555555555555556,0.36946564885496186
1220401002_3f44b1f3f7.jpg,two children playing with a frc,"['Two children are laughing in the grass .', 'Two girls laughing outside in a yard .', 'Two girls standing on grass face each other .', 'Two young girls are playing and laughing in a green grassy yard .', 'Two young girls playing together .']",0.11556377708900069,0.3636363636363636,0.1818181818181818,0.3636363636363636,0.24038461538461542
1222322358_225067636e.jpg,a young boy swinging on a swing set,"['A boy in a red and white shirt is on a swing .', 'A child looking back on a fast moving swing .', 'A litlle boy playing on a swing', 'A young boy in orange and white swings in a playground at a park .', 'A young boy plays on a swing .']",0.2776320934560912,0.7999999999999999,0.6153846153846153,0.7999999999999999,0.7361111111111112
1224851143_33bcdd299c.jpg,a little boy eating a spoon of food,"['A boy eats with a spoon .', 'A little boy holds a spoon up to his mouth .', 'A little boy is eating his food off of a spoon while sitting on a patio .', 'A small child dressed in green is eating with a spoon .', 'A young child holds a spoon to its mouth while sitting in a chair .']",0.2334598321466113,0.7142857142857143,0.375,0.7142857142857143,0.6281690140845071
1225443522_1633e7121f.jpg,a person walking down a sidewalk at night,"['A girl walking alone at night on a street .', 'A woman in a blue coat and blue heels walks down a city sidewalk at night .', 'A woman walking down a brick sidewalk .', 'A woman walks down a brick sidewalk at night .', 'A woman walks down a city sidewalk at night .']",0.28854022443286786,0.823529411764706,0.5333333333333333,0.823529411764706,0.6861724281549355
1227655020_b11a1bb112.jpg,a bear and a dog playing in a field,"['A black dog and a brown dog playing in tall weeds .', 'A brown dog and a black dog are standing against each other in some grass', 'Two dogs are playing outside in a field .', 'Two dogs play in tall grass .', 'Two dogs wrestle together in the long grass .']",0.26705313176164647,0.6,0.33333333333333326,0.6,0.4955555555555556
1229756013_94663527d7.jpg,a dog jumping in the air,"['A brown dog jumping in the air on a brown plain .', 'A brown dog jumping into the air to catch a ball .', 'A brown dog leaping to catch a ball .', 'A coppery dog leaps to catch a ball .', 'A dog leaps into the air in a grassy field surrounded by trees .']",0.510029457493824,0.7058823529411764,0.5333333333333333,0.7058823529411764,0.5165692007797271
1231229740_8dcbf80bfb.jpg,a child laying on a red couch,"['A child in gray clothes is sleeping on a red cushion .', 'A little boy has fallen asleep on a miniature sofa and a pacifier in his mouth .', 'A sleeping child sucking on a pacifier .', 'A toddler wearing a pacifier is sleeping on a red blanket with a teddy bear at his side .', 'a young baby sucking a Binky asleep in a chair .']",0.21047068775103486,0.5714285714285714,0.37499999999999994,0.5714285714285714,0.4208695652173913
1232148178_4f45cc3284.jpg,a child in a green jacket,"['A baby girl playing at a park .', 'A closeup of a child on a playground with adult supervision .', 'A young boy poses for a picture in front of a playground .', 'A young girl is smiling in front of the camera at a park .', 'There is a little blond hair girl with a green sweatshirt and a red shirt playing on a playground .']",0.10412185644103349,0.3529411764705882,0.13333333333333333,0.3529411764705882,0.32763532763532766
1234293791_6566284bcd.jpg,a girl riding a horse,"['A girl in a helmet rides a horse .', 'A girl rides a horse .', 'A young girl wearing a helmet and riding a brown horse .', 'Girl with black helmet riding brown dappled horse', 'The little girl is riding in a brown horse .']",0.16422838484518512,1.0,1.0,1.0,0.8440677966101694
1234817607_924893f6e1.jpg,a man sitting at a table with a beer,"['a Korean man sells soda .', 'A man is sitting at an outside bar near many soda and beer cans .', 'A man wearing glasses with aluminum cans lined up in front of him .', 'An elderly man is smiling while sitting in front of a row of soda cans .', 'Vendor selling drinks in a stall .']",0.09893036012766591,0.43478260869565216,0.1904761904761905,0.43478260869565216,0.2583333333333333
1235580648_7eebaed9bc.jpg,a man wearing a hat,"['The hatted males pose for a picture .', 'The two men are wearing tall hats , one hat is a red print and the other is gold colored .', 'Two men in tall hats frown at the camera', 'Two men wear silly stove pipe hats and wear makeup .', 'Two people wearing hats sit and look at the camera .']",0.032971711177508564,0.3333333333333333,0.0,0.26666666666666666,0.12987012987012989
1235681222_819231767a.jpg,people sitting on benches in a public area,"['A person in a blue shirt sits behind two people sitting on a wood bench .', 'People sit on benches .', 'People sitting on benches in a public area .', 'Three people sit on wood benches set on white and orange tile .', 'Three people sit waiting in a lobby .']",1.0,1.0,1.0,1.0,0.8979985955056179
1235685934_be89b231fb.jpg,a man wearing a hat,"['A man in sunglasses on an overpass .', 'A man looking at the camera with another man wearing a mask .', 'A man wearing sunglasses is standing next to a person who is wearing a hat and breathing mask .', 'The man is wearing a white shirt and sunglasses .', 'There are two men with sunglasses , one of which is wearing a hat and a backpack .']",0.2923037377540896,0.47058823529411764,0.39999999999999997,0.47058823529411764,0.3073770491803278
1236951314_0308dc4138.jpg,a man in a pool,"['A boy in a wetsuit jumps into a pool with a bald man .', 'A boy with goggles jumping into a pool containing a man .', 'A child is jumping into a pool while a man is watching the child', 'A swimming person is watching a child jump into a pool with blue water .', 'A young boy jumps in a swimming pool towards a bald man in the water .']",0.05315321370101769,0.5555555555555556,0.28571428571428575,0.4444444444444444,0.24966442953020135
1236964638_1808784a3c.jpg,a man jumping into a pool,"['A boy flips off a diving board into a pool .', 'A boy is diving off a diving board into a swimming pool .', 'A child is diving into a pool .', 'A child jumping into a swimming pool from the diving board .', 'Child flips off pool diving board , man and another tumbling child at poolside .']",0.2621531616342873,0.6153846153846153,0.3636363636363636,0.6153846153846153,0.48076923076923084
1237985362_dbafc59280.jpg,a woman and a child blowing bubbles,"['A lady holds a little girl who is trying to catch bubbles .', 'A woman is holding a little girl who is trying to catch bubbles .', 'A woman with holding a young girl playing with bubbles at a picnic .', 'A young woman in a blue shirt stands , holding a young girl in a denim dress .', 'There is a woman holding her baby daughter while the daughter claps .']",0.04135201302250374,0.4,0.11764705882352942,0.4,0.23731203007518795
123889082_d3751e0350.jpg,two dogs playing in the grass,"['A brown dog biting a gray dogs ear .', 'Brown dog biting a grey dogs ear .', ""Tan dog on grass with mouth open , about to bite gray dog 's ear ."", 'Two dogs are playing in a grassy field ; one dog is biting the ear of the other dog .', 'Two dogs are playing together on green grass .']",0.10897759372992588,0.5714285714285715,0.1818181818181818,0.5714285714285715,0.3627873563218391
123997871_6a9ca987b1.jpg,a group of girls playing a game of lacrosse,"['Girls wearing sports uniforms and eye protection .', 'Several female lacrosse players are going after a ball .', 'These girls are in uniforms and are playing field hockey .', 'The woman lacrosse player in blue is about to catch the ball .', 'Women play lacrosse .']",0.03639174582593262,0.3333333333333333,0.0,0.3333333333333333,0.22222222222222224
1240297429_c36ae0c58f.jpg,a dog is running in the grass,"['A dog in a number six jersey is running through a field .', 'A dog is leaping through the grass .', 'A dog is wearing a red number 6 and running through a field of green grass while being chased by a bird .', 'A white and tan dog leaps through the air .', 'The dog in a vest leaps in the air and there is a bird flying .']",0.2601272301184816,0.7142857142857143,0.5,0.7142857142857143,0.6126582278481013
124195430_d14028660f.jpg,a horse and a dog on the beach,"['A brown horse and a black foal on the beach', 'A brown horse stands near a black horse that is sitting on the ground .', 'A large brown horse stands over a small black colt that is kneeling on the sand .', 'An adult horse approaching a foal on a sandy plain .', 'A thin brown horse standing and a small black horse sitting on sand .']",0.2247153527359164,0.7777777777777777,0.5,0.7777777777777777,0.6861724281549355
